{"schemaVersion":"1.0","appDefinitionTemplate":{"id":"/providers/Microsoft.PowerApps/apps/","type":"Microsoft.PowerApps/apps","tags":{"primaryDeviceWidth":"768","primaryDeviceHeight":"1366","sienaVersion":"20220224T030412Z-3.22022.23.0","deviceCapabilities":"webcam","supportsPortrait":"true","supportsLandscape":"true","primaryFormFactor":"Tablet","publisherVersion":"3.22022.23","minimumRequiredApiVersion":"2.2.0","hasComponent":"false","hasUnlockedComponent":"false","isUnifiedRootApp":"false"},"properties":{"appVersion":"2022-02-24T03:04:12Z","lifeCycleId":"Published","createdByClientVersion":{"major":3,"minor":22022,"build":23,"revision":0,"majorRevision":0,"minorRevision":0},"minClientVersion":{"major":3,"minor":22022,"build":23,"revision":0,"majorRevision":0,"minorRevision":0},"backgroundColor":"rgba(29, 29, 29, 1)","backgroundImageUri":"/16084943233739147060/N3d3772d5-4928-4070-a031-30df1bb499d0-logoSmallFile","displayName":"AppCheckInCheckOut","description":"","commitMessage":"","appUris":{"documentUri":{"value":"/16084943233739147060/N16e7c78e-8ed3-4836-b6c6-0959a500c335-document.msapp"},"imageUris":[]},"createdTime":"0001-01-01T00:00:00Z","lastModifiedTime":"0001-01-01T00:00:00Z","sharedGroupsCount":0,"sharedUsersCount":0,"icons":{"smallIconUri":"/16084943233739147060/N8c4ca26b-7fbd-4e90-b967-31b5c9a76138-small.png","mediumIconUri":"/16084943233739147060/N708bb414-a57e-4e49-b2d7-00bbcf19b7f5-medium.png","largeIconUri":"/16084943233739147060/N7eb13ab7-0c50-4d97-837d-c6745ca73e4d-large.png","wideIconUri":"/16084943233739147060/N9e2d31f8-44a1-4ee5-9bbe-6fe088ce2bb7-wide.png"},"connectionReferences":{"721c6386-3477-4a47-8085-83d6c207cc9f":{"id":"a528acdc-a9b6-46b5-ae0b-7f83ab96f6de","displayName":"SharePoint","iconUri":"https://connectoricons-prod.azureedge.net/releases/v1.0.1550/1.0.1550.2686/sharepointonline/icon.png","dataSources":["usuarios"],"dependencies":[],"dependents":[],"parameterHints":{},"parameterHintsV2":{},"isOnPremiseConnection":false,"bypassConsent":false,"dataSets":{"https://rthq.sharepoint.com/sites/AppTeste":{"dataSources":{"usuarios":{"tableName":"3ed7672a-327f-4635-a458-1ee7edce60ec"}}}},"apiTier":"Standard","isCustomApiConnection":false,"actions":["providers/PowerPlatform.Governance/Operations/Read","providers/PowerPlatform.Governance/Operations/Write","providers/PowerPlatform.Governance/Operations/Delete"]}},"databaseReferences":{},"almMode":"Environment","performanceOptimizationEnabled":true,"canConsumeAppPass":true,"executionRestrictions":{"isTeamsOnly":false,"dataLossPreventionEvaluationResult":{"status":"Compliant","lastEvaluationDate":"2022-02-21T12:12:38.8575081Z","violations":[],"violationsByPolicy":[],"violationErrorMessage":"O aplicativo usa os seguintes conectores: shared_sharepointonline, shared_office365."}}},"appType":"ClassicCanvasApp","appComponents":[]}}